{"text": " Guten Morgen, ich suche ein gem\u00fctliches, aber luxuri\u00f6ses Holzhaus f\u00fcr meine Familie. Es sollte hochwertige Ausstattungen haben und trotz seiner kleinen Gr\u00f6\u00dfe ger\u00e4umig wirken. Ich h\u00e4tte gerne zwei Schlafzimmer und eine gro\u00dfe offene K\u00fcche mit Wohnbereich. Gro\u00dfe Fenster sind wichtig, um viel Tageslicht hereinzulassen und ich w\u00fcrde mich \u00fcber einen Workpool auf der Terrasse freuen, um die Natur genie\u00dfen zu k\u00f6nnen. F\u00fcr das Haus sollten hochwertige Materialien verwendet werden und ein modernes Design mit einer warmen, nat\u00fcrlichen \u00c4sthetik haben. Mein Budget f\u00fcr das Projekt liegt bei etwa 500.000 Euro und ich hoffe, es kann innerhalb von 18 Monaten fertiggestellt werden. Es ist wichtig, dass das Haus luxuri\u00f6s wirkt, aber auch im Alltag funktional ist. K\u00f6nnten Sie etwas entwerfen, das zu diesen Vorstellungen passt?", "segments": [{"id": 0, "seek": 0, "start": 0.6, "end": 5.04, "text": " Guten Morgen, ich suche ein gem\u00fctliches, aber luxuri\u00f6ses Holzhaus f\u00fcr meine Familie.", "tokens": [50395, 42833, 35570, 11, 1893, 1270, 68, 1343, 7173, 7695, 45502, 11, 4340, 11363, 9744, 973, 6196, 45455, 23321, 2959, 10946, 26021, 13, 50617], "temperature": 0.0, "avg_logprob": -0.07081641236396685, "compression_ratio": 1.536986301369863, "no_speech_prob": 6.5667801057989195e-12}, {"id": 1, "seek": 0, "start": 5.42, "end": 9.48, "text": " Es sollte hochwertige Ausstattungen haben und trotz seiner kleinen Gr\u00f6\u00dfe ger\u00e4umig wirken.", "tokens": [50636, 2313, 18042, 19783, 26521, 3969, 9039, 372, 1591, 5084, 3084, 674, 504, 18530, 23114, 26512, 45778, 11451, 5713, 737, 449, 328, 1987, 2653, 13, 50839], "temperature": 0.0, "avg_logprob": -0.07081641236396685, "compression_ratio": 1.536986301369863, "no_speech_prob": 6.5667801057989195e-12}, {"id": 2, "seek": 0, "start": 10.08, "end": 13.8, "text": " Ich h\u00e4tte gerne zwei Schlafzimmer und eine gro\u00dfe offene K\u00fcche mit Wohnbereich.", "tokens": [50869, 3141, 20041, 15689, 12002, 2065, 33037, 89, 14477, 674, 3018, 19691, 766, 1450, 30726, 1876, 2194, 22741, 48422, 13, 51055], "temperature": 0.0, "avg_logprob": -0.07081641236396685, "compression_ratio": 1.536986301369863, "no_speech_prob": 6.5667801057989195e-12}, {"id": 3, "seek": 0, "start": 14.1, "end": 22.96, "text": " Gro\u00dfe Fenster sind wichtig, um viel Tageslicht hereinzulassen und ich w\u00fcrde mich \u00fcber einen Workpool auf der Terrasse freuen, um die Natur genie\u00dfen zu k\u00f6nnen.", "tokens": [51070, 12981, 11451, 30993, 3120, 3290, 13621, 11, 1105, 5891, 33601, 20238, 510, 259, 89, 425, 8356, 674, 1893, 11942, 6031, 4502, 4891, 6603, 17374, 2501, 1163, 6564, 3906, 405, 41913, 11, 1105, 978, 34571, 1049, 40687, 2164, 6310, 13, 51513], "temperature": 0.0, "avg_logprob": -0.07081641236396685, "compression_ratio": 1.536986301369863, "no_speech_prob": 6.5667801057989195e-12}, {"id": 4, "seek": 0, "start": 22.96, "end": 29.82, "text": " F\u00fcr das Haus sollten hochwertige Materialien verwendet werden und ein modernes Design mit einer warmen, nat\u00fcrlichen \u00c4sthetik haben.", "tokens": [51513, 14990, 1482, 22725, 29096, 19783, 26521, 3969, 29160, 1053, 1306, 20128, 302, 4604, 674, 1343, 4363, 279, 12748, 2194, 6850, 1516, 2558, 11, 8762, 268, 13700, 372, 9092, 1035, 3084, 13, 51856], "temperature": 0.0, "avg_logprob": -0.07081641236396685, "compression_ratio": 1.536986301369863, "no_speech_prob": 6.5667801057989195e-12}, {"id": 5, "seek": 3000, "start": 30.2, "end": 38.8, "text": " Mein Budget f\u00fcr das Projekt liegt bei etwa 500.000 Euro und ich hoffe, es kann innerhalb von 18 Monaten fertiggestellt werden.", "tokens": [50375, 18382, 33751, 2959, 1482, 34804, 22421, 4643, 28369, 5923, 13, 1360, 3010, 674, 1893, 34903, 11, 785, 4028, 48460, 2957, 2443, 46193, 31362, 26293, 4604, 13, 50805], "temperature": 0.0, "avg_logprob": -0.05268911520640055, "compression_ratio": 1.328502415458937, "no_speech_prob": 1.0723944302015731e-11}, {"id": 6, "seek": 3000, "start": 39.28, "end": 44.14, "text": " Es ist wichtig, dass das Haus luxuri\u00f6s wirkt, aber auch im Alltag funktional ist.", "tokens": [50829, 2313, 1418, 13621, 11, 2658, 1482, 22725, 11363, 9744, 11310, 1987, 2320, 11, 4340, 2168, 566, 1057, 25030, 1019, 2320, 1966, 1418, 13, 51072], "temperature": 0.0, "avg_logprob": -0.05268911520640055, "compression_ratio": 1.328502415458937, "no_speech_prob": 1.0723944302015731e-11}, {"id": 7, "seek": 3000, "start": 44.76, "end": 48.519999999999996, "text": " K\u00f6nnten Sie etwas entwerfen, das zu diesen Vorstellungen passt?", "tokens": [51103, 29077, 14970, 3559, 9569, 948, 1554, 6570, 11, 1482, 2164, 12862, 12231, 17816, 5084, 37154, 30, 51291], "temperature": 0.0, "avg_logprob": -0.05268911520640055, "compression_ratio": 1.328502415458937, "no_speech_prob": 1.0723944302015731e-11}], "language": "de"}